{
  "data": {
    "time_left": -2.636648560591368,
    "bike_count": 28,
    "bike_distance": 21.418400000000005,
    "bike_time": 1.3380298740808436,
    "walk_time": 2.622564268595694,
    "wait_time": 5.001,
    "reward": 17.370000000000005,
    "future_system_fail_count": 115.48748271983798,
    "real_time_duration": 0.025248900055885315,
    "final_bike_counts": [
      7,
      5,
      18,
      10,
      9,
      13,
      20,
      3,
      2,
      30,
      6,
      0,
      2,
      17,
      12,
      9,
      6,
      11,
      7,
      0,
      8,
      2,
      1,
      9,
      11,
      6,
      15,
      2,
      0,
      2,
      9,
      21,
      13,
      12,
      14,
      6,
      15,
      0,
      8,
      15,
      9,
      7,
      19,
      11,
      12,
      16,
      0,
      5,
      3,
      6,
      10,
      21,
      5,
      2,
      26,
      4,
      16,
      26,
      3,
      7,
      0,
      1,
      12,
      12,
      0,
      28,
      1,
      11,
      20,
      8,
      9,
      6,
      26,
      23,
      12,
      16,
      11,
      13,
      8,
      10,
      5,
      17,
      0,
      11,
      7,
      16,
      8,
      0,
      5,
      9,
      28,
      17,
      12,
      7,
      20,
      6,
      0,
      20,
      16,
      15,
      8,
      10,
      11,
      12,
      26,
      8,
      24,
      31,
      13,
      21,
      11,
      14,
      23,
      6,
      26,
      13,
      9,
      2,
      10,
      13,
      11,
      8,
      16,
      21,
      9
    ],
    "final_incentives": [
      0.09,
      0,
      0,
      0,
      0,
      0,
      -0.01,
      0.3,
      0.24,
      -0.09,
      0.09,
      0.4,
      0.25,
      0,
      0,
      0,
      0,
      0,
      0,
      0.31,
      0,
      0.31,
      0.2,
      0,
      0,
      0,
      0,
      0.31,
      0.4,
      0.24,
      0,
      0,
      0,
      0,
      0,
      0,
      0,
      0.38,
      0,
      0,
      0,
      0,
      0,
      0,
      0,
      0,
      0.4,
      0.07,
      0.11,
      0,
      0,
      0,
      0.06,
      0.32,
      -0.86,
      0.25,
      0,
      -0.84,
      0.2,
      0.11,
      0.41,
      0.33,
      0,
      0,
      0.41,
      0,
      0.38,
      0,
      0,
      0,
      0,
      0,
      -0.76,
      0,
      0,
      0,
      0,
      0,
      0,
      0,
      0.15,
      0,
      0.42,
      0,
      0,
      0,
      0,
      0.36,
      0.3,
      0,
      0,
      0,
      0,
      0.19,
      0,
      0,
      0.19,
      0,
      -0.03,
      0,
      0,
      0,
      0,
      0,
      -0.17,
      0,
      -0.43,
      -0.91,
      0,
      -0.25,
      0,
      0,
      0,
      0.03,
      -0.57,
      0,
      0,
      0.33,
      0,
      0,
      0,
      0.07,
      -0.06,
      0,
      0
    ],
    "actions": [
      {
        "end_station": 80,
        "agent_mode": "bike",
        "duration": 0.13563104200073456,
        "rent_reward": 0,
        "return_reward": 0.17,
        "distance": null
      },
      {
        "end_station": 37,
        "agent_mode": "walk",
        "duration": 0.05745040557309335,
        "rent_reward": 0,
        "return_reward": 0,
        "distance": null
      },
      {
        "end_station": 80,
        "agent_mode": "bike",
        "duration": 0.02531012074531766,
        "rent_reward": 0,
        "return_reward": 0.17,
        "distance": null
      },
      {
        "end_station": 37,
        "agent_mode": "walk",
        "duration": 0.06796218103335787,
        "rent_reward": 0,
        "return_reward": 0,
        "distance": null
      },
      {
        "end_station": 80,
        "agent_mode": "bike",
        "duration": 0.022615332657363534,
        "rent_reward": 0,
        "return_reward": 0.37,
        "distance": null
      },
      {
        "end_station": 37,
        "agent_mode": "walk",
        "duration": 0.051346859078470274,
        "rent_reward": 0,
        "return_reward": 0,
        "distance": null
      },
      {
        "end_station": 80,
        "agent_mode": "bike",
        "duration": 0.025462373476091114,
        "rent_reward": 0,
        "return_reward": 0.37,
        "distance": null
      },
      {
        "end_station": 37,
        "agent_mode": "walk",
        "duration": 0.051525576261115674,
        "rent_reward": 0,
        "return_reward": 0,
        "distance": null
      },
      {
        "end_station": 80,
        "agent_mode": "bike",
        "duration": 0.0271141400259398,
        "rent_reward": 0,
        "return_reward": 0.37,
        "distance": null
      },
      {
        "end_station": 37,
        "agent_mode": "walk",
        "duration": 0.05357217776338038,
        "rent_reward": 0,
        "return_reward": 0,
        "distance": null
      },
      {
        "end_station": 80,
        "agent_mode": "bike",
        "duration": 0.02177665984133688,
        "rent_reward": 0,
        "return_reward": 0.37,
        "distance": null
      },
      {
        "end_station": 113,
        "agent_mode": "walk",
        "duration": 0.05294780487018733,
        "rent_reward": 0,
        "return_reward": 0,
        "distance": null
      },
      {
        "end_station": 80,
        "agent_mode": "bike",
        "duration": 0.03936207883694924,
        "rent_reward": 0,
        "return_reward": 0.37,
        "distance": null
      },
      {
        "end_station": 113,
        "agent_mode": "walk",
        "duration": 0.07317324771739714,
        "rent_reward": 0,
        "return_reward": 0,
        "distance": null
      },
      {
        "end_station": 80,
        "agent_mode": "bike",
        "duration": 0.04914965008636318,
        "rent_reward": 0,
        "return_reward": 0.37,
        "distance": null
      },
      {
        "end_station": 14,
        "agent_mode": "walk",
        "duration": 0.12745498894643426,
        "rent_reward": 0,
        "return_reward": 0,
        "distance": null
      },
      {
        "end_station": 80,
        "agent_mode": "bike",
        "duration": 0.056837441044703264,
        "rent_reward": 0.57,
        "return_reward": 0.37,
        "distance": null
      },
      {
        "end_station": 14,
        "agent_mode": "walk",
        "duration": 0.14130731268017488,
        "rent_reward": 0,
        "return_reward": 0,
        "distance": null
      },
      {
        "end_station": 7,
        "agent_mode": "bike",
        "duration": 0.0700840097139599,
        "rent_reward": 0.3,
        "return_reward": 0.39,
        "distance": null
      },
      {
        "end_station": 14,
        "agent_mode": "walk",
        "duration": 0.13700521965281168,
        "rent_reward": 0,
        "return_reward": 0,
        "distance": null
      },
      {
        "end_station": 7,
        "agent_mode": "bike",
        "duration": 0.06539934349790477,
        "rent_reward": 0.3,
        "return_reward": 0.39,
        "distance": null
      },
      {
        "end_station": 14,
        "agent_mode": "walk",
        "duration": 0.14956976456082152,
        "rent_reward": 0,
        "return_reward": 0,
        "distance": null
      },
      {
        "end_station": 37,
        "agent_mode": "bike",
        "duration": 0.05520913225004322,
        "rent_reward": 0.72,
        "return_reward": 0.37,
        "distance": null
      },
      {
        "end_station": 14,
        "agent_mode": "walk",
        "duration": 0.15647333090704918,
        "rent_reward": 0,
        "return_reward": 0,
        "distance": null
      },
      {
        "end_station": 37,
        "agent_mode": "bike",
        "duration": 0.049735999150378456,
        "rent_reward": 0.72,
        "return_reward": 0.37,
        "distance": null
      },
      {
        "end_station": 14,
        "agent_mode": "walk",
        "duration": 0.1839974334529064,
        "rent_reward": 0,
        "return_reward": 0,