{
  "data": {
    "time_left": -3.350111056622822,
    "bike_count": 28,
    "bike_distance": 18.62159999999999,
    "bike_time": 1.23328995789097,
    "walk_time": 2.7391952263860695,
    "wait_time": 5.001,
    "reward": 12.51,
    "future_system_fail_count": 124.04778774944975,
    "real_time_duration": 0.02495729993097484,
    "final_bike_counts": [
      4,
      5,
      29,
      26,
      0,
      9,
      14,
      4,
      6,
      25,
      9,
      0,
      4,
      18,
      2,
      10,
      8,
      11,
      1,
      6,
      8,
      14,
      16,
      7,
      1,
      7,
      7,
      5,
      0,
      20,
      8,
      19,
      17,
      1,
      2,
      0,
      17,
      3,
      9,
      1,
      2,
      12,
      11,
      20,
      3,
      11,
      1,
      9,
      3,
      12,
      1,
      5,
      4,
      11,
      27,
      13,
      11,
      14,
      10,
      13,
      3,
      10,
      4,
      11,
      3,
      20,
      10,
      9,
      10,
      5,
      11,
      22,
      20,
      0,
      23,
      3,
      7,
      18,
      13,
      11,
      0,
      33,
      1,
      2,
      20,
      16,
      0,
      8,
      26,
      13,
      24,
      14,
      1,
      13,
      9,
      19,
      7,
      11,
      17,
      17,
      0,
      12,
      7,
      22,
      0,
      15,
      25,
      31,
      9,
      21,
      25,
      14,
      11,
      3,
      20,
      29,
      0,
      21,
      14,
      15,
      15,
      15,
      6,
      23,
      11
    ],
    "final_incentives": [
      0.21,
      0,
      -0.75,
      -0.11,
      0.35,
      0.16,
      0,
      0.23,
      0,
      0,
      0,
      0.4,
      0.19,
      0,
      0.26,
      0,
      0,
      0,
      0.07,
      0,
      0,
      0,
      0,
      0,
      0.38,
      0,
      0.06,
      0.18,
      0.4,
      0,
      0,
      0,
      0,
      0.36,
      0.29,
      0.33,
      0,
      0.37,
      0,
      0.35,
      0.13,
      0,
      0,
      0,
      0,
      0,
      0.4,
      0,
      0.11,
      0,
      0.39,
      0,
      0.1,
      0,
      -0.89,
      0,
      0,
      0,
      0,
      0,
      0.39,
      0,
      0,
      0,
      0.36,
      0,
      0,
      0,
      0,
      0,
      0,
      0,
      -0.31,
      0.36,
      0,
      0,
      0,
      0,
      0,
      0,
      0.37,
      -0.77,
      0.36,
      0.13,
      0,
      0,
      0.32,
      0.01,
      0,
      0,
      0,
      0,
      0.37,
      0,
      0,
      0,
      0,
      0,
      -0.11,
      0,
      0.23,
      0,
      0.05,
      -0.77,
      0.39,
      0,
      -0.59,
      -0.9,
      0,
      -0.25,
      0,
      0,
      0,
      0.14,
      -0.04,
      -0.67,
      0.35,
      0,
      0,
      0,
      0,
      0,
      0.13,
      0,
      0
    ],
    "actions": [
      {
        "end_station": 80,
        "agent_mode": "bike",
        "duration": 0.10495592262545297,
        "rent_reward": 0,
        "return_reward": 0.17,
        "distance": null
      },
      {
        "end_station": 37,
        "agent_mode": "walk",
        "duration": 0.04894902895537665,
        "rent_reward": 0,
        "return_reward": 0,
        "distance": null
      },
      {
        "end_station": 80,
        "agent_mode": "bike",
        "duration": 0.02201499664859016,
        "rent_reward": 0,
        "return_reward": 0.17,
        "distance": null
      },
      {
        "end_station": 37,
        "agent_mode": "walk",
        "duration": 0.04363656640728173,
        "rent_reward": 0,
        "return_reward": 0,
        "distance": null
      },
      {
        "end_station": 80,
        "agent_mode": "bike",
        "duration": 0.023425200817408807,
        "rent_reward": 0,
        "return_reward": 0.17,
        "distance": null
      },
      {
        "end_station": 37,
        "agent_mode": "walk",
        "duration": 0.05498859195286104,
        "rent_reward": 0,
        "return_reward": 0,
        "distance": null
      },
      {
        "end_station": 80,
        "agent_mode": "bike",
        "duration": 0.01950337356915644,
        "rent_reward": 0,
        "return_reward": 0.34,
        "distance": null
      },
      {
        "end_station": 14,
        "agent_mode": "walk",
        "duration": 0.15983761104682065,
        "rent_reward": 0,
        "return_reward": 0,
        "distance": null
      },
      {
        "end_station": 80,
        "agent_mode": "bike",
        "duration": 0.06100516832790425,
        "rent_reward": 0.06,
        "return_reward": 0.34,
        "distance": null
      },
      {
        "end_station": 14,
        "agent_mode": "walk",
        "duration": 0.15647329782279704,
        "rent_reward": 0,
        "return_reward": 0,
        "distance": null
      },
      {
        "end_station": 80,
        "agent_mode": "bike",
        "duration": 0.06692917240891944,
        "rent_reward": 0.06,
        "return_reward": 0.34,
        "distance": null
      },
      {
        "end_station": 39,
        "agent_mode": "walk",
        "duration": 0.07259582605729016,
        "rent_reward": 0,
        "return_reward": 0,
        "distance": null
      },
      {
        "end_station": 80,
        "agent_mode": "bike",
        "duration": 0.03737822564021191,
        "rent_reward": 0,
        "return_reward": 0.37,
        "distance": null
      },
      {
        "end_station": 39,
        "agent_mode": "walk",
        "duration": 0.05872371253817441,
        "rent_reward": 0,
        "return_reward": 0,
        "distance": null
      },
      {
        "end_station": 80,
        "agent_mode": "bike",
        "duration": 0.042000172431121065,
        "rent_reward": 0,
        "return_reward": 0.37,
        "distance": null
      },
      {
        "end_station": 39,
        "agent_mode": "walk",
        "duration": 0.06439259027765332,
        "rent_reward": 0,
        "return_reward": 0,
        "distance": null
      },
      {
        "end_station": 80,
        "agent_mode": "bike",
        "duration": 0.047202201953343806,
        "rent_reward": 0,
        "return_reward": 0.37,
        "distance": null
      },
      {
        "end_station": 57,
        "agent_mode": "walk",
        "duration": 0.14650723963400072,
        "rent_reward": 0,
        "return_reward": 0,
        "distance": null
      },
      {
        "end_station": 113,
        "agent_mode": "bike",
        "duration": 0.037856178940237004,
        "rent_reward": 0.05,
        "return_reward": 0.29,
        "distance": null
      },
      {
        "end_station": 57,
        "agent_mode": "walk",
        "duration": 0.09450155921464731,
        "rent_reward": 0,
        "return_reward": 0,
        "distance": null
      },
      {
        "end_station": 80,
        "agent_mode": "bike",
        "duration": 0.06260169989081613,
        "rent_reward": 0.05,
        "return_reward": 0.37,
        "distance": null
      },
      {
        "end_station": 57,
        "agent_mode": "walk",
        "duration": 0.141926487356518,
        "rent_reward": 0,
        "return_reward": 0,
        "distance": null
      },
      {
        "end_station": 113,
        "agent_mode": "bike",
        "duration": 0.04423214618364556,
        "rent_reward": 0,
        "return_reward": 0.36,
        "distance": null
      },
      {
        "end_station": 16,
        "agent_mode": "walk",
        "duration": 0.05993430130951177,
        "rent_reward": 0,
        "return_reward": 0,
        "distance": null
      },
      {
        "end_station": 113,
        "agent_mode": "bike",
        "duration": 0.02961606192625596,
        "rent_reward": 0,
        "return_reward": 0.36,
        "distance": null
      },
      {
        "end_station": 16,
        "agent_mode": "walk",
        "duration": 0.06360128241928162,
        "rent_reward": 0,
        "return_reward": 0,