{
  "data": {
    "time_left": -2.049066736524594,
    "bike_count": 19,
    "bike_distance": 17586400.0,
    "bike_time": 1.0692574332321967,
    "walk_time": 2.881543679043212,
    "wait_time": 5.001,
    "reward": 11.88,
    "future_system_fail_count": 97.49744822531238,
    "real_time_duration": 0.018994299927726388,
    "final_bike_counts": [
      4,
      8,
      17,
      19,
      12,
      17,
      20,
      10,
      2,
      23,
      2,
      5,
      13,
      14,
      17,
      17,
      5,
      19,
      12,
      6,
      14,
      16,
      3,
      3,
      6,
      11,
      12,
      7,
      0,
      6,
      6,
      7,
      9,
      11,
      20,
      7,
      6,
      4,
      11,
      6,
      8,
      19,
      19,
      14,
      16,
      19,
      0,
      8,
      23,
      3,
      1,
      0,
      12,
      13,
      23,
      17,
      6,
      20,
      10,
      16,
      0,
      8,
      5,
      12,
      2,
      30,
      9,
      13,
      12,
      6,
      16,
      5,
      15,
      24,
      21,
      21,
      13,
      21,
      16,
      9,
      0,
      14,
      8,
      7,
      17,
      24,
      20,
      1,
      13,
      30,
      11,
      13,
      0,
      0,
      21,
      28,
      8,
      26,
      19,
      17,
      7,
      11,
      9,
      15,
      0,
      7,
      23,
      31,
      18,
      18,
      17,
      23,
      18,
      6,
      11,
      26,
      1,
      5,
      13,
      20,
      15,
      13,
      13,
      12,
      11
    ],
    "final_incentives": [
      0.22,
      0,
      0,
      0,
      0,
      0,
      -0.01,
      0.01,
      0.24,
      0,
      0.3,
      0.05,
      0,
      0,
      -0.06,
      0,
      0.03,
      0,
      0,
      0,
      0,
      0,
      0.18,
      0.05,
      0.2,
      0,
      0,
      0.05,
      0.4,
      0.04,
      0,
      0,
      0,
      0,
      0,
      0.03,
      0,
      0.33,
      0,
      0.21,
      0,
      0,
      0,
      0,
      -0.02,
      0,
      0.4,
      0,
      -0.21,
      0.04,
      0.38,
      0.36,
      0,
      0,
      -0.76,
      0,
      0,
      -0.4,
      0,
      0,
      0.41,
      0,
      0,
      0,
      0.36,
      0,
      0,
      0,
      0,
      0,
      0,
      0.02,
      0,
      0,
      0,
      -0.43,
      0,
      0,
      0,
      0,
      0.37,
      0,
      0.05,
      0,
      0,
      0,
      0,
      0.39,
      0,
      -0.01,
      0,
      0,
      0.4,
      0.37,
      0,
      -0.52,
      0,
      0,
      -0.47,
      0,
      0,
      0,
      0,
      -0.01,
      0.39,
      0.02,
      -0.59,
      -0.91,
      0,
      -0.02,
      0,
      0,
      0,
      0.03,
      0,
      -0.51,
      0.24,
      0.13,
      0,
      -0.23,
      0,
      0,
      0,
      0,
      0
    ],
    "actions": [
      {
        "end_station": 80,
        "agent_mode": "bike",
        "duration": 0.1298815048681875,
        "rent_reward": 0,
        "return_reward": 0.17,
        "distance": null
      },
      {
        "end_station": 37,
        "agent_mode": "walk",
        "duration": 0.05793501055248926,
        "rent_reward": 0,
        "return_reward": 0,
        "distance": null
      },
      {
        "end_station": 80,
        "agent_mode": "bike",
        "duration": 0.02510059711349934,
        "rent_reward": 0,
        "return_reward": 0.17,
        "distance": null
      },
      {
        "end_station": 37,
        "agent_mode": "walk",
        "duration": 0.0617201581996024,
        "rent_reward": 0,
        "return_reward": 0,
        "distance": null
      },
      {
        "end_station": 80,
        "agent_mode": "bike",
        "duration": 0.02591029645621209,
        "rent_reward": 0,
        "return_reward": 0.37,
        "distance": null
      },
      {
        "end_station": 14,
        "agent_mode": "walk",
        "duration": 0.1361992901320498,
        "rent_reward": 0,
        "return_reward": 0,
        "distance": null
      },
      {
        "end_station": 80,
        "agent_mode": "bike",
        "duration": 0.05831786351226161,
        "rent_reward": 0.02,
        "return_reward": 0.37,
        "distance": null
      },
      {
        "end_station": 14,
        "agent_mode": "walk",
        "duration": 0.1572918455607509,
        "rent_reward": 0,
        "return_reward": 0,
        "distance": null
      },
      {
        "end_station": 80,
        "agent_mode": "bike",
        "duration": 0.05625008914365695,
        "rent_reward": 0.02,
        "return_reward": 0.37,
        "distance": null
      },
      {
        "end_station": 14,
        "agent_mode": "walk",
        "duration": 0.1254385751335744,
        "rent_reward": 0,
        "return_reward": 0,
        "distance": null
      },
      {
        "end_station": 80,
        "agent_mode": "bike",
        "duration": 0.06223142120684187,
        "rent_reward": 0,
        "return_reward": 0.37,
        "distance": null
      },
      {
        "end_station": 39,
        "agent_mode": "walk",
        "duration": 0.06210714339235101,
        "rent_reward": 0,
        "return_reward": 0,
        "distance": null
      },
      {
        "end_station": 80,
        "agent_mode": "bike",
        "duration": 0.03957675308392244,
        "rent_reward": 0,
        "return_reward": 0.37,
        "distance": null
      },
      {
        "end_station": 39,
        "agent_mode": "walk",
        "duration": 0.07642768767217906,
        "rent_reward": 0,
        "return_reward": 0,
        "distance": null
      },
      {
        "end_station": 80,
        "agent_mode": "bike",
        "duration": 0.042792175126748606,
        "rent_reward": 0,
        "return_reward": 0.37,
        "distance": null
      },
      {
        "end_station": 39,
        "agent_mode": "walk",
        "duration": 0.07112143470035454,
        "rent_reward": 0,
        "return_reward": 0,
        "distance": null
      },
      {
        "end_station": 80,
        "agent_mode": "bike",
        "duration": 0.04158209743841125,
        "rent_reward": 0,
        "return_reward": 0.37,
        "distance": null
      },
      {
        "end_station": 39,
        "agent_mode": "walk",
        "duration": 0.06827873647668153,
        "rent_reward": 0,
        "return_reward": 0,
        "distance": null
      },
      {
        "end_station": 37,
        "agent_mode": "bike",
        "duration": 0.04259831247753007,
        "rent_reward": 0,
        "return_reward": 0.33,
        "distance": null
      },
      {
        "end_station": 14,
        "agent_mode": "walk",
        "duration": 0.1788453806363838,
        "rent_reward": 0,
        "return_reward": 0,
        "distance": null
      },
      {
        "end_station": 37,
        "agent_mode": "bike",
        "duration": 0.052570846312926064,
        "rent_reward": 0.19,
        "return_reward": 0.41,
        "distance": null
      },
      {
        "end_station": 14,
        "agent_mode": "walk",
        "duration": 0.1851476810539917,
        "rent_reward": 0,
        "return_reward": 0,
        "distance": null
      },
      {
        "end_station": 37,
        "agent_mode": "bike",
        "duration": 0.056289506451697585,
        "rent_reward": 0.3,
        "return_reward": 0.38,
        "distance": null
      },
      {
        "end_station": 14,
        "agent_mode": "walk",
        "duration": 0.19254814740639203,
        "rent_reward": 0,
        "return_reward": 0,
        "distance": null
      },
      {
        "end_station": 37,
        "agent_mode": "bike",
        "duration": 0.05788724559490492,
        "rent_reward": 0.72,
        "return_reward": 0.36,
        "distance": null
      },
      {
        "end_station": 14,
        "agent_mode": "walk",
        "duration": 0.181462502125069,
        "rent_reward": 0,
        "return_reward": 0,