{
  "data": {
    "time_left": -3.382819140832325,
    "bike_count": 26,
    "bike_distance": 19.05360000000001,
    "bike_time": 1.1281178098116216,
    "walk_time": 2.8449125092022394,
    "wait_time": 5.001,
    "reward": 11.170000000000002,
    "future_system_fail_count": 135.03754465654978,
    "real_time_duration": 0.04229800007306039,
    "final_bike_counts": [
      15,
      10,
      27,
      5,
      11,
      9,
      19,
      5,
      10,
      3,
      1,
      0,
      8,
      16,
      13,
      1,
      0,
      17,
      0,
      6,
      2,
      1,
      6,
      8,
      4,
      18,
      20,
      7,
      0,
      2,
      5,
      13,
      9,
      0,
      6,
      0,
      3,
      2,
      12,
      6,
      0,
      8,
      13,
      13,
      15,
      1,
      0,
      7,
      2,
      1,
      5,
      18,
      13,
      0,
      13,
      0,
      9,
      13,
      22,
      7,
      0,
      0,
      6,
      11,
      1,
      16,
      6,
      12,
      7,
      12,
      10,
      7,
      19,
      26,
      9,
      12,
      11,
      7,
      14,
      11,
      2,
      21,
      1,
      9,
      16,
      13,
      7,
      1,
      8,
      34,
      13,
      17,
      18,
      0,
      20,
      25,
      6,
      24,
      13,
      21,
      12,
      9,
      15,
      15,
      9,
      7,
      31,
      30,
      1,
      17,
      20,
      1,
      18,
      11,
      30,
      22,
      0,
      15,
      17,
      0,
      25,
      0,
      3,
      19,
      4
    ],
    "final_incentives": [
      0,
      0,
      -0.59,
      0.02,
      0,
      0.04,
      0,
      0.06,
      0,
      0.19,
      0.39,
      0.4,
      0,
      0,
      0,
      0.19,
      0.34,
      0,
      0.29,
      0,
      0.28,
      0.39,
      0,
      0,
      0.29,
      0,
      0,
      0.05,
      0.4,
      0.31,
      0.09,
      0,
      0,
      0.34,
      0.03,
      0.34,
      0.08,
      0.33,
      0,
      0.25,
      0.33,
      0,
      0,
      0,
      0,
      0.35,
      0.4,
      0,
      0.32,
      0.23,
      0.2,
      0,
      0,
      0.39,
      -0.02,
      0.39,
      0,
      0,
      0,
      0,
      0.41,
      0.41,
      0,
      0,
      0.36,
      0,
      0.27,
      0,
      0,
      0,
      0,
      0,
      -0.22,
      0,
      0.02,
      0,
      0,
      0.09,
      0,
      0,
      0.26,
      -0.0,
      0.36,
      0,
      0,
      0,
      0,
      0.39,
      0.11,
      -0.22,
      0,
      0,
      0,
      0.37,
      0,
      -0.12,
      0,
      0,
      0,
      0,
      0,
      0,
      0,
      -0.01,
      0.05,
      0,
      -0.89,
      -0.91,
      0.16,
      -0.02,
      0,
      0.11,
      0,
      0,
      -0.87,
      -0.19,
      0.35,
      0,
      0,
      0.27,
      0,
      0.42,
      0.16,
      0,
      0.21
    ],
    "actions": [
      {
        "end_station": 80,
        "agent_mode": "bike",
        "duration": 0.1275158201103882,
        "rent_reward": 0,
        "return_reward": 0.17,
        "distance": null
      },
      {
        "end_station": 37,
        "agent_mode": "walk",
        "duration": 0.05020567863536072,
        "rent_reward": 0,
        "return_reward": 0,
        "distance": null
      },
      {
        "end_station": 80,
        "agent_mode": "bike",
        "duration": 0.020618282404959352,
        "rent_reward": 0,
        "return_reward": 0.17,
        "distance": null
      },
      {
        "end_station": 37,
        "agent_mode": "walk",
        "duration": 0.057935832737763066,
        "rent_reward": 0,
        "return_reward": 0,
        "distance": null
      },
      {
        "end_station": 80,
        "agent_mode": "bike",
        "duration": 0.020892473462531223,
        "rent_reward": 0,
        "return_reward": 0.26,
        "distance": null
      },
      {
        "end_station": 14,
        "agent_mode": "walk",
        "duration": 0.16372489458020595,
        "rent_reward": 0,
        "return_reward": 0,
        "distance": null
      },
      {
        "end_station": 80,
        "agent_mode": "bike",
        "duration": 0.057240913307706844,
        "rent_reward": 0.02,
        "return_reward": 0.26,
        "distance": null
      },
      {
        "end_station": 14,
        "agent_mode": "walk",
        "duration": 0.1342473056964706,
        "rent_reward": 0,
        "return_reward": 0,
        "distance": null
      },
      {
        "end_station": 80,
        "agent_mode": "bike",
        "duration": 0.06315687214621768,
        "rent_reward": 0.06,
        "return_reward": 0.37,
        "distance": null
      },
      {
        "end_station": 14,
        "agent_mode": "walk",
        "duration": 0.13974990746199123,
        "rent_reward": 0,
        "return_reward": 0,
        "distance": null
      },
      {
        "end_station": 80,
        "agent_mode": "bike",
        "duration": 0.06767870734244924,
        "rent_reward": 0.02,
        "return_reward": 0.37,
        "distance": null
      },
      {
        "end_station": 14,
        "agent_mode": "walk",
        "duration": 0.1399748204812871,
        "rent_reward": 0,
        "return_reward": 0,
        "distance": null
      },
      {
        "end_station": 80,
        "agent_mode": "bike",
        "duration": 0.06421248987609422,
        "rent_reward": 0.19,
        "return_reward": 0.37,
        "distance": null
      },
      {
        "end_station": 14,
        "agent_mode": "walk",
        "duration": 0.1427833690027244,
        "rent_reward": 0,
        "return_reward": 0,
        "distance": null
      },
      {
        "end_station": 80,
        "agent_mode": "bike",
        "duration": 0.06832048667831309,
        "rent_reward": 0.19,
        "return_reward": 0.37,
        "distance": null
      },
      {
        "end_station": 14,
        "agent_mode": "walk",
        "duration": 0.1313963024639069,
        "rent_reward": 0,
        "return_reward": 0,
        "distance": null
      },
      {
        "end_station": 80,
        "agent_mode": "bike",
        "duration": 0.06289689816982122,
        "rent_reward": 0.3,
        "return_reward": 0.37,
        "distance": null
      },
      {
        "end_station": 14,
        "agent_mode": "walk",
        "duration": 0.15038349705126147,
        "rent_reward": 0,
        "return_reward": 0,
        "distance": null
      },
      {
        "end_station": 113,
        "agent_mode": "bike",
        "duration": 0.05447240174104003,
        "rent_reward": 0.42,
        "return_reward": 0.36,
        "distance": null
      },
      {
        "end_station": 14,
        "agent_mode": "walk",
        "duration": 0.14654394575751448,
        "rent_reward": 0,
        "return_reward": 0,
        "distance": null
      },
      {
        "end_station": 124,
        "agent_mode": "bike",
        "duration": 0.04827373753892599,
        "rent_reward": 0.3,
        "return_reward": 0.31,
        "distance": null
      },
      {
        "end_station": 14,
        "agent_mode": "walk",
        "duration": 0.11582937325548348,
        "rent_reward": 0,
        "return_reward": 0,
        "distance": null
      },
      {
        "end_station": 37,
        "agent_mode": "bike",
        "duration": 0.05800248080232818,
        "rent_reward": 0.06,
        "return_reward": 0.41,
        "distance": null
      },
      {
        "end_station": 14,
        "agent_mode": "walk",
        "duration": 0.18274847469794267,
        "rent_reward": 0,
        "return_reward": 0,
        "distance": null
      },
      {
        "end_station": 124,
        "agent_mode": "bike",
        "duration": 0.05287443575445418,
        "rent_reward": 0,
        "return_reward": 0.31,
        "distance": null
      },
      {
        "end_station": 9,
        "agent_mode": "walk",
        "duration": 0.09310253171781571,
        "rent_reward": 0,
        "return_reward": 0,