{
  "data": {
    "time_left": 0.21978896120870672,
    "bike_count": 24,
    "bike_distance": 20.87890000000001,
    "bike_time": 1.2711952156983566,
    "walk_time": 2.7251416349481707,
    "wait_time": 0,
    "reward": 10.410000000000002,
    "future_system_fail_count": 116.16085963725979,
    "real_time_duration": 0.020476199919357896,
    "final_bike_counts": [
      7,
      6,
      21,
      5,
      5,
      10,
      17,
      3,
      13,
      22,
      13,
      15,
      4,
      17,
      14,
      15,
      8,
      19,
      12,
      9,
      3,
      6,
      14,
      4,
      7,
      9,
      18,
      16,
      0,
      0,
      13,
      19,
      8,
      10,
      1,
      0,
      9,
      3,
      14,
      7,
      0,
      15,
      6,
      16,
      17,
      0,
      1,
      2,
      5,
      0,
      3,
      5,
      0,
      0,
      9,
      0,
      10,
      20,
      9,
      12,
      5,
      2,
      3,
      11,
      0,
      5,
      0,
      13,
      9,
      16,
      12,
      5,
      19,
      27,
      0,
      11,
      7,
      20,
      4,
      10,
      0,
      15,
      1,
      11,
      27,
      10,
      2,
      2,
      19,
      16,
      10,
      16,
      10,
      7,
      16,
      18,
      5,
      27,
      10,
      35,
      3,
      3,
      4,
      8,
      7,
      9,
      25,
      31,
      1,
      14,
      15,
      16,
      18,
      12,
      11,
      10,
      3,
      8,
      13,
      10,
      14,
      11,
      1,
      26,
      1
    ],
    "final_incentives": [
      0.09,
      0,
      -0.03,
      0.09,
      0,
      0.01,
      0,
      0.23,
      0,
      0,
      0,
      0,
      0.12,
      0,
      0,
      0,
      0,
      0,
      0,
      0,
      0.2,
      0.13,
      0,
      0.05,
      0.08,
      0,
      0,
      0,
      0.4,
      0.24,
      0,
      0,
      0,
      0,
      0.42,
      0.34,
      0,
      0.41,
      0,
      0.11,
      0.33,
      0,
      0,
      0,
      0,
      0.35,
      0.4,
      0.29,
      0.02,
      0.33,
      0.31,
      0,
      0.36,
      0.39,
      0,
      0.33,
      0,
      -0.32,
      0,
      0,
      0.31,
      0.33,
      0,
      0,
      0.41,
      0,
      0.38,
      0,
      0,
      -0.07,
      0,
      0.04,
      -0.31,
      0,
      0.29,
      0,
      0,
      0,
      0.2,
      0,
      0.37,
      0,
      0.36,
      0,
      0,
      0,
      0.09,
      0.36,
      0,
      0,
      0.0,
      0,
      0,
      0.1,
      0,
      0,
      0,
      0,
      0,
      -0.78,
      0,
      0.13,
      0.17,
      0,
      0.31,
      0,
      -0.59,
      -0.91,
      0.16,
      0,
      0,
      0,
      0,
      0,
      0,
      0,
      0,
      0,
      0,
      0,
      0,
      0,
      0.34,
      0,
      0.31
    ],
    "actions": [
      {
        "end_station": 80,
        "agent_mode": "bike",
        "duration": 0.13724783886568795,
        "rent_reward": 0,
        "return_reward": 0.17,
        "distance": null
      },
      {
        "end_station": 37,
        "agent_mode": "walk",
        "duration": 0.06978514679493025,
        "rent_reward": 0,
        "return_reward": 0,
        "distance": null
      },
      {
        "end_station": 80,
        "agent_mode": "bike",
        "duration": 0.01937211014367732,
        "rent_reward": 0,
        "return_reward": 0.17,
        "distance": null
      },
      {
        "end_station": 37,
        "agent_mode": "walk",
        "duration": 0.05065985186333436,
        "rent_reward": 0,
        "return_reward": 0,
        "distance": null
      },
      {
        "end_station": 80,
        "agent_mode": "bike",
        "duration": 0.024518114374148824,
        "rent_reward": 0,
        "return_reward": 0.34,
        "distance": null
      },
      {
        "end_station": 14,
        "agent_mode": "walk",
        "duration": 0.1464922061214099,
        "rent_reward": 0,
        "return_reward": 0,
        "distance": null
      },
      {
        "end_station": 80,
        "agent_mode": "bike",
        "duration": 0.05758488155601178,
        "rent_reward": 0.13,
        "return_reward": 0.34,
        "distance": null
      },
      {
        "end_station": 14,
        "agent_mode": "walk",
        "duration": 0.13780392747113696,
        "rent_reward": 0,
        "return_reward": 0,
        "distance": null
      },
      {
        "end_station": 80,
        "agent_mode": "bike",
        "duration": 0.06650117723629419,
        "rent_reward": 0.06,
        "return_reward": 0.37,
        "distance": null
      },
      {
        "end_station": 14,
        "agent_mode": "walk",
        "duration": 0.13604621806766282,
        "rent_reward": 0,
        "return_reward": 0,
        "distance": null
      },
      {
        "end_station": 80,
        "agent_mode": "bike",
        "duration": 0.05640466653214521,
        "rent_reward": 0,
        "return_reward": 0.34,
        "distance": null
      },
      {
        "end_station": 57,
        "agent_mode": "walk",
        "duration": 0.16184865315836372,
        "rent_reward": 0,
        "return_reward": 0,
        "distance": null
      },
      {
        "end_station": 80,
        "agent_mode": "bike",
        "duration": 0.05718400099544395,
        "rent_reward": 0.1,
        "return_reward": 0.37,
        "distance": null
      },
      {
        "end_station": 57,
        "agent_mode": "walk",
        "duration": 0.16124153281607775,
        "rent_reward": 0,
        "return_reward": 0,
        "distance": null
      },
      {
        "end_station": 80,
        "agent_mode": "bike",
        "duration": 0.050377015333561315,
        "rent_reward": 0,
        "return_reward": 0.37,
        "distance": null
      },
      {
        "end_station": 14,
        "agent_mode": "walk",
        "duration": 0.13763138677418835,
        "rent_reward": 0,
        "return_reward": 0,
        "distance": null
      },
      {
        "end_station": 80,
        "agent_mode": "bike",
        "duration": 0.06636349148616694,
        "rent_reward": 0.02,
        "return_reward": 0.37,
        "distance": null
      },
      {
        "end_station": 14,
        "agent_mode": "walk",
        "duration": 0.1171656685605612,
        "rent_reward": 0,
        "return_reward": 0,
        "distance": null
      },
      {
        "end_station": 80,
        "agent_mode": "bike",
        "duration": 0.05694840700910154,
        "rent_reward": 0.06,
        "return_reward": 0.37,
        "distance": null
      },
      {
        "end_station": 14,
        "agent_mode": "walk",
        "duration": 0.14459163500325084,
        "rent_reward": 0,
        "return_reward": 0,
        "distance": null
      },
      {
        "end_station": 80,
        "agent_mode": "bike",
        "duration": 0.06521349742255397,
        "rent_reward": 0,
        "return_reward": 0.37,
        "distance": null
      },
      {
        "end_station": 113,
        "agent_mode": "walk",
        "duration": 0.08487588699772992,
        "rent_reward": 0,
        "return_reward": 0,
        "distance": null
      },
      {
        "end_station": 80,
        "agent_mode": "bike",
        "duration": 0.0425081582972894,
        "rent_reward": 0,
        "return_reward": 0.37,
        "distance": null
      },
      {
        "end_station": 113,
        "agent_mode": "walk",
        "duration": 0.05543212021755126,
        "rent_reward": 0,
        "return_reward": 0,
        "distance": null
      },
      {
        "end_station": 80,
        "agent_mode": "bike",
        "duration": 0.04178351228352675,
        "rent_reward": 0,
        "return_reward": 0.37,
        "distance": null
      },
      {
        "end_station": 113,
        "agent_mode": "walk",
        "duration": 0.0708196753898053,
        "rent_reward": 0,
        "return_reward": 0,