{
  "data": {
    "time_left": -2.4273161548428845,
    "bike_count": 21,
    "bike_distance": 17.794700000000002,
    "bike_time": 1.099771934550992,
    "walk_time": 2.773983334696389,
    "wait_time": 10.002,
    "reward": 8.600000000000001,
    "future_system_fail_count": 107.56940377965955,
    "real_time_duration": 0.03761969995684922,
    "final_bike_counts": [
      2,
      0,
      19,
      19,
      0,
      2,
      22,
      12,
      9,
      15,
      2,
      5,
      0,
      22,
      9,
      6,
      14,
      16,
      4,
      10,
      10,
      17,
      15,
      8,
      3,
      5,
      4,
      4,
      1,
      0,
      6,
      15,
      9,
      7,
      14,
      9,
      28,
      0,
      9,
      16,
      3,
      9,
      13,
      21,
      9,
      17,
      0,
      22,
      3,
      6,
      2,
      3,
      0,
      8,
      22,
      1,
      9,
      19,
      4,
      2,
      0,
      9,
      1,
      11,
      6,
      29,
      11,
      13,
      23,
      13,
      14,
      12,
      17,
      19,
      5,
      18,
      4,
      11,
      11,
      16,
      1,
      24,
      4,
      4,
      27,
      11,
      10,
      4,
      18,
      21,
      18,
      27,
      5,
      1,
      16,
      12,
      7,
      34,
      17,
      23,
      12,
      3,
      17,
      9,
      8,
      15,
      10,
      30,
      22,
      19,
      18,
      18,
      13,
      5,
      29,
      18,
      12,
      0,
      8,
      13,
      19,
      10,
      0,
      13,
      5
    ],
    "final_incentives": [
      0.32,
      0.3,
      -0.03,
      0,
      0.35,
      0.34,
      -0.22,
      0,
      0,
      0,
      0.3,
      0.05,
      0.37,
      0,
      0,
      0,
      0,
      0,
      0,
      0,
      0,
      0,
      0,
      0,
      0.31,
      0,
      0.22,
      0.18,
      0.37,
      0.36,
      0.09,
      0,
      0,
      0.0,
      0,
      0,
      0,
      0.38,
      0,
      0,
      0.08,
      0,
      0,
      0,
      0,
      0,
      0.4,
      0,
      0.17,
      0,
      0.31,
      0.14,
      0.36,
      0,
      -0.7,
      0.38,
      0,
      -0.24,
      0.2,
      0.25,
      0.41,
      0,
      0.09,
      0,
      0.21,
      0,
      0,
      0,
      -0.09,
      0,
      0,
      0,
      -0.07,
      0,
      0.13,
      -0.07,
      0,
      0,
      0,
      0,
      0.34,
      -0.02,
      0.29,
      0,
      0,
      0,
      0,
      0.18,
      0,
      0,
      0,
      0,
      0.2,
      0.4,
      0,
      0,
      0,
      -0.1,
      -0.11,
      -0.08,
      0,
      0.06,
      0,
      0,
      0.12,
      0,
      0,
      -0.91,
      0,
      -0.02,
      0,
      0,
      0,
      0.03,
      -0.82,
      0,
      0,
      0.39,
      0.01,
      0,
      0,
      0,
      0.35,
      0,
      0.09
    ],
    "actions": [
      {
        "end_station": 80,
        "agent_mode": "bike",
        "duration": 0.13097303057944834,
        "rent_reward": 0,
        "return_reward": 0.17,
        "distance": null
      },
      {
        "end_station": 37,
        "agent_mode": "walk",
        "duration": 0.05475458665681317,
        "rent_reward": 0,
        "return_reward": 0,
        "distance": null
      },
      {
        "end_station": 80,
        "agent_mode": "bike",
        "duration": 0.021120590946244383,
        "rent_reward": 0,
        "return_reward": 0.17,
        "distance": null
      },
      {
        "end_station": 37,
        "agent_mode": "walk",
        "duration": 0.0606162194450168,
        "rent_reward": 0,
        "return_reward": 0,
        "distance": null
      },
      {
        "end_station": 80,
        "agent_mode": "bike",
        "duration": 0.022103012124171588,
        "rent_reward": 0,
        "return_reward": 0.26,
        "distance": null
      },
      {
        "end_station": 14,
        "agent_mode": "walk",
        "duration": 0.1297958333013315,
        "rent_reward": 0,
        "return_reward": 0,
        "distance": null
      },
      {
        "end_station": 80,
        "agent_mode": "bike",
        "duration": 0.06530442926344245,
        "rent_reward": 0.02,
        "return_reward": 0.26,
        "distance": null
      },
      {
        "end_station": 14,
        "agent_mode": "walk",
        "duration": 0.13778115173654382,
        "rent_reward": 0,
        "return_reward": 0,
        "distance": null
      },
      {
        "end_station": 80,
        "agent_mode": "bike",
        "duration": 0.07490767455050798,
        "rent_reward": 0,
        "return_reward": 0.37,
        "distance": null
      },
      {
        "end_station": 113,
        "agent_mode": "walk",
        "duration": 0.053542802607575775,
        "rent_reward": 0,
        "return_reward": 0,
        "distance": null
      },
      {
        "end_station": 80,
        "agent_mode": "bike",
        "duration": 0.04027424823561312,
        "rent_reward": 0,
        "return_reward": 0.37,
        "distance": null
      },
      {
        "end_station": 90,
        "agent_mode": "walk",
        "duration": 0.0763968125951645,
        "rent_reward": 0,
        "return_reward": 0,
        "distance": null
      },
      {
        "end_station": 80,
        "agent_mode": "bike",
        "duration": 0.02692544846015481,
        "rent_reward": 0.04,
        "return_reward": 0.37,
        "distance": null
      },
      {
        "end_station": 90,
        "agent_mode": "walk",
        "duration": 0.08163084966252436,
        "rent_reward": 0,
        "return_reward": 0,
        "distance": null
      },
      {
        "end_station": 80,
        "agent_mode": "bike",
        "duration": 0.02439323379322824,
        "rent_reward": 0.04,
        "return_reward": 0.37,
        "distance": null
      },
      {
        "end_station": 39,
        "agent_mode": "walk",
        "duration": 0.06358167912805085,
        "rent_reward": 0,
        "return_reward": 0,
        "distance": null
      },
      {
        "end_station": 80,
        "agent_mode": "bike",
        "duration": 0.042109855674116126,
        "rent_reward": 0,
        "return_reward": 0.37,
        "distance": null
      },
      {
        "end_station": 39,
        "agent_mode": "walk",
        "duration": 0.07558779387439025,
        "rent_reward": 0,
        "return_reward": 0,
        "distance": null
      },
      {
        "end_station": 80,
        "agent_mode": "bike",
        "duration": 0.03986606180750982,
        "rent_reward": 0,
        "return_reward": 0.37,
        "distance": null
      },
      {
        "end_station": 39,
        "agent_mode": "walk",
        "duration": 0.06615861377244546,
        "rent_reward": 0,
        "return_reward": 0,
        "distance": null
      },
      {
        "end_station": 80,
        "agent_mode": "bike",
        "duration": 0.04143983518219134,
        "rent_reward": 0,
        "return_reward": 0.37,
        "distance": null
      },
      {
        "end_station": 39,
        "agent_mode": "walk",
        "duration": 0.06443812371924713,
        "rent_reward": 0,
        "return_reward": 0,
        "distance": null
      },
      {
        "end_station": 80,
        "agent_mode": "bike",
        "duration": 0.04365806537881772,
        "rent_reward": 0,
        "return_reward": 0.37,
        "distance": null
      },
      {
        "end_station": 39,
        "agent_mode": "walk",
        "duration": 0.06557488578801966,
        "rent_reward": 0,
        "return_reward": 0,
        "distance": null
      },
      {
        "end_station": 80,
        "agent_mode": "bike",
        "duration": 0.04151705907544154,
        "rent_reward": 0,
        "return_reward": 0.37,
        "distance": null
      },
      {
        "end_station": 57,
        "agent_mode": "walk",
        "duration": 0.19279058558784834,
        "rent_reward": 0,
        "return_reward": 0,