{
  "data": {
    "time_left": 3.0416666666643977,
    "bike_count": 31,
    "bike_distance": 19927200.000000004,
    "bike_time": 1.3223888888888888,
    "walk_time": 2.6269166666666672,
    "wait_time": 0,
    "reward": 17.41,
    "future_system_fail_count": 102.99854408829638,
    "real_time_duration": 0.41440779995173216,
    "final_bike_counts": [
      4,
      11,
      27,
      18,
      14,
      2,
      14,
      5,
      3,
      30,
      0,
      7,
      12,
      23,
      17,
      15,
      1,
      14,
      6,
      4,
      3,
      27,
      5,
      12,
      0,
      6,
      10,
      5,
      0,
      10,
      7,
      14,
      11,
      8,
      19,
      0,
      11,
      6,
      14,
      25,
      4,
      5,
      18,
      29,
      12,
      13,
      3,
      4,
      16,
      2,
      1,
      4,
      10,
      1,
      15,
      5,
      14,
      17,
      21,
      8,
      0,
      9,
      4,
      8,
      17,
      11,
      3,
      9,
      12,
      12,
      23,
      16,
      6,
      16,
      27,
      19,
      9,
      9,
      17,
      17,
      0,
      27,
      4,
      3,
      16,
      23,
      13,
      5,
      5,
      21,
      22,
      11,
      13,
      1,
      13,
      4,
      0,
      13,
      19,
      17,
      11,
      11,
      0,
      13,
      1,
      8,
      27,
      29,
      6,
      11,
      18,
      18,
      15,
      14,
      13,
      26,
      10,
      9,
      14,
      21,
      10,
      11,
      2,
      15,
      9
    ],
    "final_incentives": [
      0.22,
      0,
      -0.41,
      0,
      0,
      0.34,
      0,
      0.14,
      0.17,
      -0.24,
      0.39,
      0.05,
      0,
      0,
      -0.02,
      0,
      0.29,
      0,
      0,
      0.04,
      0,
      0,
      0.0,
      0,
      0.41,
      0,
      0,
      0.06,
      0.4,
      0,
      0.05,
      0,
      0,
      0,
      0,
      0.34,
      0,
      0.27,
      -0.03,
      0,
      0.13,
      0,
      0,
      -0.15,
      0,
      0,
      0.35,
      0.13,
      0,
      0.13,
      0.36,
      0,
      0,
      0.36,
      -0.08,
      0.23,
      0,
      -0.1,
      0,
      0,
      0.39,
      0,
      0,
      0,
      0,
      0,
      0.32,
      0,
      0,
      0,
      0,
      0,
      0,
      0,
      0,
      -0.29,
      0,
      0,
      0,
      0,
      0.37,
      -0.28,
      0.21,
      0.13,
      0,
      0,
      0,
      0.06,
      0.2,
      0,
      0,
      0,
      0,
      0.37,
      0,
      0,
      0.02,
      0,
      -0.33,
      0,
      0,
      0,
      0.38,
      0,
      0.31,
      0,
      -0.65,
      -0.9,
      0,
      0,
      0,
      0,
      0,
      0,
      0,
      -0.51,
      0,
      0,
      0,
      -0.23,
      0,
      0,
      0.26,
      0,
      0
    ],
    "actions": [
      {
        "end_station": 80,
        "agent_mode": "bike",
        "duration": 0.13566666666666666,
        "rent_reward": 0,
        "return_reward": 0.17,
        "distance": null
      },
      {
        "end_station": 90,
        "agent_mode": "walk",
        "duration": 0.06994444444444445,
        "rent_reward": 0,
        "return_reward": 0,
        "distance": null
      },
      {
        "end_station": 80,
        "agent_mode": "bike",
        "duration": 0.02886111111111111,
        "rent_reward": 0,
        "return_reward": 0.17,
        "distance": null
      },
      {
        "end_station": 90,
        "agent_mode": "walk",
        "duration": 0.06994444444444445,
        "rent_reward": 0,
        "return_reward": 0,
        "distance": null
      },
      {
        "end_station": 80,
        "agent_mode": "bike",
        "duration": 0.02886111111111111,
        "rent_reward": 0,
        "return_reward": 0.34,
        "distance": null
      },
      {
        "end_station": 90,
        "agent_mode": "walk",
        "duration": 0.06994444444444445,
        "rent_reward": 0,
        "return_reward": 0,
        "distance": null
      },
      {
        "end_station": 80,
        "agent_mode": "bike",
        "duration": 0.02886111111111111,
        "rent_reward": 0,
        "return_reward": 0.34,
        "distance": null
      },
      {
        "end_station": 90,
        "agent_mode": "walk",
        "duration": 0.06994444444444445,
        "rent_reward": 0,
        "return_reward": 0,
        "distance": null
      },
      {
        "end_station": 80,
        "agent_mode": "bike",
        "duration": 0.02886111111111111,
        "rent_reward": 0,
        "return_reward": 0.37,
        "distance": null
      },
      {
        "end_station": 90,
        "agent_mode": "walk",
        "duration": 0.06994444444444445,
        "rent_reward": 0,
        "return_reward": 0,
        "distance": null
      },
      {
        "end_station": 80,
        "agent_mode": "bike",
        "duration": 0.02886111111111111,
        "rent_reward": 0,
        "return_reward": 0.37,
        "distance": null
      },
      {
        "end_station": 90,
        "agent_mode": "walk",
        "duration": 0.06994444444444445,
        "rent_reward": 0,
        "return_reward": 0,
        "distance": null
      },
      {
        "end_station": 80,
        "agent_mode": "bike",
        "duration": 0.02886111111111111,
        "rent_reward": 0,
        "return_reward": 0.37,
        "distance": null
      },
      {
        "end_station": 90,
        "agent_mode": "walk",
        "duration": 0.06994444444444445,
        "rent_reward": 0,
        "return_reward": 0,
        "distance": null
      },
      {
        "end_station": 80,
        "agent_mode": "bike",
        "duration": 0.02886111111111111,
        "rent_reward": 0,
        "return_reward": 0.37,
        "distance": null
      },
      {
        "end_station": 90,
        "agent_mode": "walk",
        "duration": 0.06994444444444445,
        "rent_reward": 0,
        "return_reward": 0,
        "distance": null
      },
      {
        "end_station": 80,
        "agent_mode": "bike",
        "duration": 0.02886111111111111,
        "rent_reward": 0,
        "return_reward": 0.37,
        "distance": null
      },
      {
        "end_station": 90,
        "agent_mode": "walk",
        "duration": 0.06994444444444445,
        "rent_reward": 0,
        "return_reward": 0,
        "distance": null
      },
      {
        "end_station": 80,
        "agent_mode": "bike",
        "duration": 0.02886111111111111,
        "rent_reward": 0,
        "return_reward": 0.37,
        "distance": null
      },
      {
        "end_station": 90,
        "agent_mode": "walk",
        "duration": 0.06994444444444445,
        "rent_reward": 0,
        "return_reward": 0,
        "distance": null
      },
      {
        "end_station": 80,
        "agent_mode": "bike",
        "duration": 0.02886111111111111,
        "rent_reward": 0,
        "return_reward": 0.37,
        "distance": null
      },
      {
        "end_station": 90,
        "agent_mode": "walk",
        "duration": 0.06994444444444445,
        "rent_reward": 0,
        "return_reward": 0,
        "distance": null
      },
      {
        "end_station": 80,
        "agent_mode": "bike",
        "duration": 0.02886111111111111,
        "rent_reward": 0,
        "return_reward": 0.37,
        "distance": null
      },
      {
        "end_station": 90,
        "agent_mode": "walk",
        "duration": 0.06994444444444445,
        "rent_reward": 0,
        "return_reward": 0,
        "distance": null
      },
      {
        "end_station": 80,
        "agent_mode": "bike",
        "duration": 0.02886111111111111,
        "rent_reward": 0,
        "return_reward": 0.37,
        "distance": null
      },
      {
        "end_station": 113,
        "agent_mode": "walk",
        "duration": 0.06266666666666666,
        "rent_reward": 0,
        "return_reward": 0,