{
  "data": {
    "time_left": -3.9698708775401315,
    "bike_count": 25,
    "bike_distance": 17774300.000000004,
    "bike_time": 1.1481243965363908,
    "walk_time": 2.834690118089278,
    "wait_time": 5.001,
    "reward": 14.59,
    "future_system_fail_count": 143.26171926344324,
    "real_time_duration": 0.021387899992987514,
    "final_bike_counts": [
      4,
      2,
      13,
      6,
      1,
      2,
      28,
      14,
      13,
      20,
      0,
      10,
      0,
      27,
      3,
      12,
      3,
      17,
      5,
      8,
      10,
      13,
      13,
      8,
      0,
      10,
      18,
      6,
      0,
      10,
      8,
      6,
      13,
      11,
      7,
      0,
      18,
      1,
      11,
      10,
      6,
      5,
      19,
      9,
      11,
      1,
      0,
      3,
      5,
      8,
      5,
      1,
      13,
      1,
      7,
      2,
      16,
      18,
      10,
      2,
      2,
      0,
      11,
      10,
      23,
      22,
      1,
      12,
      7,
      7,
      18,
      13,
      22,
      28,
      4,
      8,
      10,
      13,
      13,
      22,
      1,
      33,
      0,
      5,
      9,
      18,
      3,
      4,
      7,
      18,
      23,
      11,
      2,
      2,
      19,
      18,
      5,
      22,
      23,
      21,
      11,
      3,
      14,
      23,
      0,
      0,
      28,
      30,
      11,
      1,
      20,
      13,
      27,
      0,
      11,
      31,
      15,
      4,
      15,
      7,
      18,
      0,
      12,
      20,
      5
    ],
    "final_incentives": [
      0.21,
      0.05,
      0,
      0.09,
      0.21,
      0.32,
      -0.73,
      0,
      0,
      0,
      0.39,
      0,
      0.37,
      0,
      0.25,
      0,
      0.07,
      0,
      0,
      0,
      0,
      0,
      0,
      0,
      0.38,
      0,
      0,
      0.06,
      0.4,
      0,
      0,
      0,
      0,
      0,
      0,
      0.34,
      0,
      0.38,
      0,
      0.04,
      0,
      0,
      0,
      0,
      0,
      0.38,
      0.4,
      0.07,
      0,
      0,
      0.21,
      0.36,
      0,
      0.32,
      0,
      0.33,
      0,
      -0.32,
      0,
      0.25,
      0.39,
      0.41,
      0,
      0,
      0,
      0,
      0.38,
      0,
      0,
      0,
      0,
      0,
      -0.69,
      0,
      0.23,
      0,
      0,
      0,
      0,
      -0.7,
      0.26,
      -0.72,
      0.42,
      0,
      0,
      0,
      0,
      0.2,
      0.11,
      0,
      0,
      0,
      0.37,
      0.33,
      0,
      0,
      0,
      0,
      -0.85,
      -0.08,
      0,
      0.06,
      0,
      -0.77,
      0.39,
      0.38,
      -0.76,
      -0.9,
      0,
      0.14,
      0,
      0,
      0,
      0.29,
      0,
      -0.8,
      0,
      0.08,
      0,
      0,
      0,
      0.42,
      0,
      0,
      0.03
    ],
    "actions": [
      {
        "end_station": 80,
        "agent_mode": "bike",
        "duration": 0.13484858310327155,
        "rent_reward": 0,
        "return_reward": 0.17,
        "distance": null
      },
      {
        "end_station": 37,
        "agent_mode": "walk",
        "duration": 0.059971520209350045,
        "rent_reward": 0,
        "return_reward": 0,
        "distance": null
      },
      {
        "end_station": 80,
        "agent_mode": "bike",
        "duration": 0.020016756932872286,
        "rent_reward": 0,
        "return_reward": 0.17,
        "distance": null
      },
      {
        "end_station": 37,
        "agent_mode": "walk",
        "duration": 0.04487339065156644,
        "rent_reward": 0,
        "return_reward": 0,
        "distance": null
      },
      {
        "end_station": 80,
        "agent_mode": "bike",
        "duration": 0.022300897476540585,
        "rent_reward": 0,
        "return_reward": 0.37,
        "distance": null
      },
      {
        "end_station": 14,
        "agent_mode": "walk",
        "duration": 0.11689150447982077,
        "rent_reward": 0,
        "return_reward": 0,
        "distance": null
      },
      {
        "end_station": 80,
        "agent_mode": "bike",
        "duration": 0.07101837004537045,
        "rent_reward": 0.02,
        "return_reward": 0.37,
        "distance": null
      },
      {
        "end_station": 14,
        "agent_mode": "walk",
        "duration": 0.15359150929257853,
        "rent_reward": 0,
        "return_reward": 0,
        "distance": null
      },
      {
        "end_station": 80,
        "agent_mode": "bike",
        "duration": 0.059434644261098665,
        "rent_reward": 0.02,
        "return_reward": 0.37,
        "distance": null
      },
      {
        "end_station": 14,
        "agent_mode": "walk",
        "duration": 0.1638515523544413,
        "rent_reward": 0,
        "return_reward": 0,
        "distance": null
      },
      {
        "end_station": 80,
        "agent_mode": "bike",
        "duration": 0.0669170897584088,
        "rent_reward": 0,
        "return_reward": 0.37,
        "distance": null
      },
      {
        "end_station": 90,
        "agent_mode": "walk",
        "duration": 0.06245050268274043,
        "rent_reward": 0,
        "return_reward": 0,
        "distance": null
      },
      {
        "end_station": 80,
        "agent_mode": "bike",
        "duration": 0.025515092981314318,
        "rent_reward": 0.1,
        "return_reward": 0.37,
        "distance": null
      },
      {
        "end_station": 90,
        "agent_mode": "walk",
        "duration": 0.0645865528628081,
        "rent_reward": 0,
        "return_reward": 0,
        "distance": null
      },
      {
        "end_station": 80,
        "agent_mode": "bike",
        "duration": 0.026238933833751473,
        "rent_reward": 0.17,
        "return_reward": 0.37,
        "distance": null
      },
      {
        "end_station": 90,
        "agent_mode": "walk",
        "duration": 0.07497354542949354,
        "rent_reward": 0,
        "return_reward": 0,
        "distance": null
      },
      {
        "end_station": 80,
        "agent_mode": "bike",
        "duration": 0.029342501837038733,
        "rent_reward": 0.17,
        "return_reward": 0.37,
        "distance": null
      },
      {
        "end_station": 90,
        "agent_mode": "walk",
        "duration": 0.07029427587133454,
        "rent_reward": 0,
        "return_reward": 0,
        "distance": null
      },
      {
        "end_station": 80,
        "agent_mode": "bike",
        "duration": 0.03047192658714081,
        "rent_reward": 0,
        "return_reward": 0.37,
        "distance": null
      },
      {
        "end_station": 14,
        "agent_mode": "walk",
        "duration": 0.13838049938748603,
        "rent_reward": 0,
        "return_reward": 0,
        "distance": null
      },
      {
        "end_station": 80,
        "agent_mode": "bike",
        "duration": 0.07252103557597064,
        "rent_reward": 0.06,
        "return_reward": 0.37,
        "distance": null
      },
      {
        "end_station": 14,
        "agent_mode": "walk",
        "duration": 0.13149737029910402,
        "rent_reward": 0,
        "return_reward": 0,
        "distance": null
      },
      {
        "end_station": 80,
        "agent_mode": "bike",
        "duration": 0.06099937477501543,
        "rent_reward": 0.06,
        "return_reward": 0.37,
        "distance": null
      },
      {
        "end_station": 14,
        "agent_mode": "walk",
        "duration": 0.14315819357082904,
        "rent_reward": 0,
        "return_reward": 0,
        "distance": null
      },
      {
        "end_station": 113,
        "agent_mode": "bike",
        "duration": 0.06423734574584299,
        "rent_reward": 0.02,
        "return_reward": 0.36,
        "distance": null
      },
      {
        "end_station": 57,
        "agent_mode": "walk",
        "duration": 0.11454938219414844,
        "rent_reward": 0,
        "return_reward": 0,