{
  "data": {
    "time_left": -0.28036925333566387,
    "bike_count": 24,
    "bike_distance": 15.558500000000006,
    "bike_time": 1.0433986768986634,
    "walk_time": 2.9612741439902677,
    "wait_time": 0,
    "reward": 12.500000000000002,
    "future_system_fail_count": 117.22949136955154,
    "real_time_duration": 0.03651509992778301,
    "final_bike_counts": [
      6,
      0,
      23,
      9,
      4,
      18,
      24,
      9,
      9,
      18,
      2,
      8,
      14,
      30,
      13,
      9,
      14,
      21,
      7,
      2,
      12,
      0,
      20,
      13,
      0,
      5,
      19,
      13,
      1,
      4,
      12,
      17,
      11,
      8,
      12,
      5,
      23,
      2,
      4,
      0,
      1,
      13,
      5,
      23,
      12,
      9,
      0,
      17,
      4,
      2,
      1,
      2,
      9,
      0,
      17,
      0,
      8,
      18,
      6,
      19,
      0,
      1,
      7,
      7,
      0,
      23,
      6,
      11,
      11,
      8,
      10,
      8,
      27,
      24,
      15,
      9,
      6,
      16,
      10,
      12,
      1,
      35,
      5,
      18,
      1,
      15,
      11,
      5,
      4,
      3,
      13,
      13,
      9,
      1,
      14,
      20,
      7,
      14,
      13,
      19,
      16,
      4,
      10,
      11,
      16,
      5,
      10,
      31,
      0,
      14,
      15,
      19,
      10,
      2,
      18,
      29,
      15,
      11,
      16,
      8,
      13,
      11,
      21,
      32,
      5
    ],
    "final_incentives": [
      0.07,
      0.3,
      -0.25,
      0,
      0.07,
      0,
      -0.33,
      0,
      0,
      0,
      0.3,
      0,
      0,
      0,
      0,
      0,
      0,
      0,
      0,
      0.19,
      0,
      0.37,
      -0.01,
      0,
      0.41,
      0,
      0,
      0,
      0.37,
      0.15,
      0,
      0,
      0,
      0,
      0,
      0.03,
      0,
      0.36,
      0,
      0.4,
      0.26,
      0,
      0.01,
      0,
      0,
      0,
      0.4,
      0,
      0.06,
      0.13,
      0.39,
      0.14,
      0,
      0.39,
      -0.21,
      0.39,
      0,
      -0.24,
      0.07,
      -0.03,
      0.41,
      0.33,
      0,
      0,
      0.41,
      0,
      0.13,
      0,
      0,
      0,
      0,
      0,
      -0.87,
      0,
      0,
      0,
      0,
      0,
      0,
      0,
      0.34,
      -0.82,
      0.21,
      0,
      0.24,
      0,
      0,
      0.18,
      0.29,
      0.07,
      0,
      0,
      0,
      0.4,
      0,
      0,
      0,
      0,
      0,
      0,
      -0.0,
      0.06,
      0,
      0,
      0,
      0.02,
      0,
      -0.91,
      0.32,
      0,
      0,
      0,
      0,
      0.22,
      0,
      -0.74,
      0,
      0,
      0,
      0,
      0,
      0,
      -0.27,
      0,
      0.09
    ],
    "actions": [
      {
        "end_station": 80,
        "agent_mode": "bike",
        "duration": 0.12928079911615845,
        "rent_reward": 0,
        "return_reward": 0.17,
        "distance": null
      },
      {
        "end_station": 37,
        "agent_mode": "walk",
        "duration": 0.05185097309425371,
        "rent_reward": 0,
        "return_reward": 0,
        "distance": null
      },
      {
        "end_station": 80,
        "agent_mode": "bike",
        "duration": 0.021708863115531458,
        "rent_reward": 0,
        "return_reward": 0.17,
        "distance": null
      },
      {
        "end_station": 37,
        "agent_mode": "walk",
        "duration": 0.04321679772062046,
        "rent_reward": 0,
        "return_reward": 0,
        "distance": null
      },
      {
        "end_station": 80,
        "agent_mode": "bike",
        "duration": 0.021806967126783212,
        "rent_reward": 0,
        "return_reward": 0.17,
        "distance": null
      },
      {
        "end_station": 113,
        "agent_mode": "walk",
        "duration": 0.07312228068988963,
        "rent_reward": 0,
        "return_reward": 0,
        "distance": null
      },
      {
        "end_station": 80,
        "agent_mode": "bike",
        "duration": 0.044839534068914735,
        "rent_reward": 0,
        "return_reward": 0.34,
        "distance": null
      },
      {
        "end_station": 113,
        "agent_mode": "walk",
        "duration": 0.06277105294436358,
        "rent_reward": 0,
        "return_reward": 0,
        "distance": null
      },
      {
        "end_station": 80,
        "agent_mode": "bike",
        "duration": 0.03662467818598875,
        "rent_reward": 0,
        "return_reward": 0.34,
        "distance": null
      },
      {
        "end_station": 113,
        "agent_mode": "walk",
        "duration": 0.0654194960274819,
        "rent_reward": 0,
        "return_reward": 0,
        "distance": null
      },
      {
        "end_station": 80,
        "agent_mode": "bike",
        "duration": 0.048613477897634295,
        "rent_reward": 0,
        "return_reward": 0.37,
        "distance": null
      },
      {
        "end_station": 113,
        "agent_mode": "walk",
        "duration": 0.05964184833550337,
        "rent_reward": 0,
        "return_reward": 0,
        "distance": null
      },
      {
        "end_station": 80,
        "agent_mode": "bike",
        "duration": 0.04076942507985844,
        "rent_reward": 0,
        "return_reward": 0.37,
        "distance": null
      },
      {
        "end_station": 113,
        "agent_mode": "walk",
        "duration": 0.07344072084457169,
        "rent_reward": 0,
        "return_reward": 0,
        "distance": null
      },
      {
        "end_station": 37,
        "agent_mode": "bike",
        "duration": 0.03964486861862991,
        "rent_reward": 0,
        "return_reward": 0.37,
        "distance": null
      },
      {
        "end_station": 14,
        "agent_mode": "walk",
        "duration": 0.19295224023780058,
        "rent_reward": 0,
        "return_reward": 0,
        "distance": null
      },
      {
        "end_station": 37,
        "agent_mode": "bike",
        "duration": 0.053701806699656296,
        "rent_reward": 0.06,
        "return_reward": 0.41,
        "distance": null
      },
      {
        "end_station": 14,
        "agent_mode": "walk",
        "duration": 0.2147431854027157,
        "rent_reward": 0,
        "return_reward": 0,
        "distance": null
      },
      {
        "end_station": 37,
        "agent_mode": "bike",
        "duration": 0.055269329707092966,
        "rent_reward": 0.13,
        "return_reward": 0.41,
        "distance": null
      },
      {
        "end_station": 14,
        "agent_mode": "walk",
        "duration": 0.19093314204386483,
        "rent_reward": 0,
        "return_reward": 0,
        "distance": null
      },
      {
        "end_station": 37,
        "agent_mode": "bike",
        "duration": 0.06645794340850418,
        "rent_reward": 0.06,
        "return_reward": 0.38,
        "distance": null
      },
      {
        "end_station": 14,
        "agent_mode": "walk",
        "duration": 0.19144421130418052,
        "rent_reward": 0,
        "return_reward": 0,
        "distance": null
      },
      {
        "end_station": 37,
        "agent_mode": "bike",
        "duration": 0.05340756936881164,
        "rent_reward": 0.02,
        "return_reward": 0.41,
        "distance": null
      },
      {
        "end_station": 14,
        "agent_mode": "walk",
        "duration": 0.18729942321694645,
        "rent_reward": 0,
        "return_reward": 0,
        "distance": null
      },
      {
        "end_station": 37,
        "agent_mode": "bike",
        "duration": 0.056043975225238025,
        "rent_reward": 0.06,
        "return_reward": 0.37,
        "distance": null
      },
      {
        "end_station": 14,
        "agent_mode": "walk",
        "duration": 0.2034593415987363,
        "rent_reward": 0,
        "return_reward": 0,