{
  "data": {
    "time_left": -1.525471961184266,
    "bike_count": 25,
    "bike_distance": 17.8563,
    "bike_time": 1.1904389944222862,
    "walk_time": 2.7516355382641224,
    "wait_time": 5.001,
    "reward": 10.280000000000001,
    "future_system_fail_count": 121.95539078538556,
    "real_time_duration": 0.0478556000161916,
    "final_bike_counts": [
      9,
      14,
      25,
      14,
      1,
      14,
      10,
      7,
      7,
      20,
      1,
      1,
      0,
      24,
      7,
      14,
      17,
      19,
      15,
      10,
      3,
      11,
      15,
      14,
      7,
      4,
      12,
      10,
      0,
      0,
      9,
      22,
      16,
      11,
      6,
      3,
      21,
      1,
      1,
      4,
      10,
      14,
      7,
      13,
      8,
      1,
      0,
      0,
      10,
      8,
      7,
      10,
      12,
      8,
      20,
      5,
      9,
      22,
      23,
      14,
      0,
      0,
      6,
      8,
      1,
      23,
      2,
      15,
      11,
      10,
      10,
      4,
      27,
      19,
      9,
      7,
      15,
      20,
      7,
      12,
      1,
      13,
      1,
      9,
      20,
      30,
      3,
      14,
      6,
      32,
      7,
      18,
      7,
      12,
      15,
      11,
      5,
      29,
      15,
      22,
      12,
      11,
      14,
      20,
      4,
      6,
      31,
      31,
      1,
      21,
      31,
      19,
      10,
      10,
      9,
      32,
      2,
      12,
      9,
      7,
      14,
      19,
      5,
      17,
      3
    ],
    "final_incentives": [
      0,
      0,
      -0.41,
      0,
      0.31,
      0,
      0,
      0.06,
      0,
      0,
      0.36,
      0.28,
      0.37,
      0,
      0.01,
      0,
      0,
      0,
      -0.12,
      0,
      0.13,
      0.01,
      0,
      0,
      0.14,
      0,
      0,
      0,
      0.4,
      0.36,
      0,
      0,
      0,
      0,
      0.03,
      0.16,
      0,
      0.41,
      0.11,
      0.29,
      0,
      0,
      0,
      0,
      0,
      0.35,
      0.4,
      0.35,
      0,
      0,
      0.08,
      0,
      0,
      0,
      -0.45,
      0.23,
      0,
      -0.58,
      0,
      0,
      0.41,
      0.41,
      0,
      0,
      0.41,
      0,
      0.37,
      0,
      0,
      0,
      0,
      0.04,
      -0.87,
      0,
      0,
      0,
      0,
      0,
      0,
      0,
      0.34,
      0,
      0.36,
      0,
      0,
      -0.05,
      0,
      0,
      0.2,
      -0.13,
      0.07,
      0,
      0.07,
      0.05,
      0,
      0,
      0,
      0,
      -0.03,
      0,
      0,
      0,
      0,
      -0.77,
      0.27,
      0.02,
      -0.89,
      -0.91,
      0.16,
      -0.25,
      -0.02,
      0,
      0,
      0,
      0,
      -0.88,
      0.16,
      0,
      0,
      0,
      0,
      0,
      0.13,
      0,
      0.21
    ],
    "actions": [
      {
        "end_station": 80,
        "agent_mode": "bike",
        "duration": 0.12737319422273768,
        "rent_reward": 0,
        "return_reward": 0.17,
        "distance": null
      },
      {
        "end_station": 37,
        "agent_mode": "walk",
        "duration": 0.043540241191162794,
        "rent_reward": 0,
        "return_reward": 0,
        "distance": null
      },
      {
        "end_station": 80,
        "agent_mode": "bike",
        "duration": 0.023258208005414123,
        "rent_reward": 0,
        "return_reward": 0.17,
        "distance": null
      },
      {
        "end_station": 37,
        "agent_mode": "walk",
        "duration": 0.050294810551375344,
        "rent_reward": 0,
        "return_reward": 0,
        "distance": null
      },
      {
        "end_station": 80,
        "agent_mode": "bike",
        "duration": 0.02570194617180824,
        "rent_reward": 0,
        "return_reward": 0.17,
        "distance": null
      },
      {
        "end_station": 37,
        "agent_mode": "walk",
        "duration": 0.05623462077388651,
        "rent_reward": 0,
        "return_reward": 0,
        "distance": null
      },
      {
        "end_station": 80,
        "agent_mode": "bike",
        "duration": 0.024376972513968396,
        "rent_reward": 0,
        "return_reward": 0.34,
        "distance": null
      },
      {
        "end_station": 37,
        "agent_mode": "walk",
        "duration": 0.05205822841288728,
        "rent_reward": 0,
        "return_reward": 0,
        "distance": null
      },
      {
        "end_station": 80,
        "agent_mode": "bike",
        "duration": 0.024379351222619514,
        "rent_reward": 0,
        "return_reward": 0.34,
        "distance": null
      },
      {
        "end_station": 37,
        "agent_mode": "walk",
        "duration": 0.05488777460145051,
        "rent_reward": 0,
        "return_reward": 0,
        "distance": null
      },
      {
        "end_station": 80,
        "agent_mode": "bike",
        "duration": 0.023999565851227558,
        "rent_reward": 0,
        "return_reward": 0.34,
        "distance": null
      },
      {
        "end_station": 14,
        "agent_mode": "walk",
        "duration": 0.15930108117388875,
        "rent_reward": 0,
        "return_reward": 0,
        "distance": null
      },
      {
        "end_station": 80,
        "agent_mode": "bike",
        "duration": 0.0774259865301953,
        "rent_reward": 0.06,
        "return_reward": 0.37,
        "distance": null
      },
      {
        "end_station": 14,
        "agent_mode": "walk",
        "duration": 0.16799282566357934,
        "rent_reward": 0,
        "return_reward": 0,
        "distance": null
      },
      {
        "end_station": 80,
        "agent_mode": "bike",
        "duration": 0.06670701132983584,
        "rent_reward": 0,
        "return_reward": 0.37,
        "distance": null
      },
      {
        "end_station": 39,
        "agent_mode": "walk",
        "duration": 0.07387118021829185,
        "rent_reward": 0,
        "return_reward": 0,
        "distance": null
      },
      {
        "end_station": 80,
        "agent_mode": "bike",
        "duration": 0.04971744418968857,
        "rent_reward": 0,
        "return_reward": 0.37,
        "distance": null
      },
      {
        "end_station": 113,
        "agent_mode": "walk",
        "duration": 0.060230590191778594,
        "rent_reward": 0,
        "return_reward": 0,
        "distance": null
      },
      {
        "end_station": 80,
        "agent_mode": "bike",
        "duration": 0.0411052800061359,
        "rent_reward": 0,
        "return_reward": 0.37,
        "distance": null
      },
      {
        "end_station": 113,
        "agent_mode": "walk",
        "duration": 0.07115592985462833,
        "rent_reward": 0,
        "return_reward": 0,
        "distance": null
      },
      {
        "end_station": 80,
        "agent_mode": "bike",
        "duration": 0.04674047045518145,
        "rent_reward": 0,
        "return_reward": 0.34,
        "distance": null
      },
      {
        "end_station": 39,
        "agent_mode": "walk",
        "duration": 0.0637407369907201,
        "rent_reward": 0,
        "return_reward": 0,
        "distance": null
      },
      {
        "end_station": 80,
        "agent_mode": "bike",
        "duration": 0.034899291799493595,
        "rent_reward": 0,
        "return_reward": 0.34,
        "distance": null
      },
      {
        "end_station": 39,
        "agent_mode": "walk",
        "duration": 0.06651028734561207,
        "rent_reward": 0,
        "return_reward": 0,
        "distance": null
      },
      {
        "end_station": 80,
        "agent_mode": "bike",
        "duration": 0.041436035106424594,
        "rent_reward": 0,
        "return_reward": 0.34,
        "distance": null
      },
      {
        "end_station": 14,
        "agent_mode": "walk",
        "duration": 0.13531957417639892,
        "rent_reward": 0,
        "return_reward": 0,