{
  "data": {
    "excursion_time": 3.9716111111111445,
    "real_time_duration": 0.48945720004849136,
    "bike_count": 32,
    "walk_count": 32,
    "wait_count": 0,
    "bike_time": 1.295222222222222,
    "walk_time": 2.6763888888888894,
    "wait_time": 0,
    "reward": 18.11,
    "future_system_fail_count": 105.84778773489177,
    "final_bike_counts": [
      11,
      9,
      12,
      16,
      4,
      21,
      12,
      2,
      7,
      18,
      3,
      0,
      3,
      27,
      0,
      17,
      9,
      13,
      8,
      5,
      14,
      9,
      22,
      5,
      4,
      11,
      13,
      15,
      0,
      5,
      5,
      10,
      17,
      2,
      15,
      0,
      13,
      3,
      0,
      1,
      9,
      19,
      21,
      21,
      11,
      1,
      0,
      11,
      11,
      8,
      11,
      19,
      3,
      0,
      16,
      7,
      13,
      21,
      14,
      9,
      3,
      2,
      7,
      10,
      0,
      19,
      7,
      13,
      15,
      14,
      18,
      5,
      18,
      20,
      26,
      2,
      9,
      3,
      14,
      21,
      0,
      35,
      11,
      14,
      17,
      23,
      16,
      12,
      4,
      22,
      8,
      14,
      3,
      8,
      18,
      11,
      2,
      13,
      18,
      24,
      16,
      9,
      14,
      12,
      11,
      5,
      17,
      31,
      9,
      6,
      18,
      15,
      7,
      0,
      26,
      24,
      10,
      12,
      9,
      10,
      15,
      10,
      10,
      18,
      4
    ],
    "final_incentives": [
      0,
      0,
      0,
      0,
      0,
      0,
      0,
      0.3,
      0,
      0,
      0.36,
      0.4,
      0.19,
      0,
      0.37,
      0,
      0,
      0,
      0,
      0,
      0,
      0.01,
      -0.01,
      0.05,
      0.24,
      0,
      0,
      0,
      0.4,
      0,
      0,
      0,
      0,
      0.24,
      0,
      0.34,
      0,
      0.37,
      0.27,
      0.34,
      0,
      0,
      0,
      0,
      0,
      0.38,
      0.4,
      0,
      0,
      0,
      0,
      0,
      0.16,
      0.36,
      -0.13,
      0.11,
      0,
      -0.32,
      0,
      0,
      0.38,
      0.31,
      0,
      0,
      0.37,
      0,
      0.02,
      0,
      0,
      0,
      0,
      0.02,
      -0.02,
      0,
      0,
      0,
      0,
      0.21,
      0,
      -0.41,
      0.37,
      -0.51,
      0,
      0,
      0,
      0,
      0,
      0,
      0.29,
      0,
      0.17,
      0,
      0.27,
      0.05,
      0,
      0,
      0,
      0,
      -0.47,
      -0.1,
      0,
      0,
      0,
      0,
      0,
      0.08,
      0,
      -0.91,
      0,
      0,
      0,
      0,
      0,
      0.36,
      -0.38,
      -0.19,
      0,
      0,
      0,
      0,
      0,
      0,
      0,
      0,
      0.15
    ],
    "actions": [
      {
        "end_station": 80,
        "agent_mode": "bike",
        "duration": 0.14230555555555555,
        "rent_reward": 0,
        "return_reward": 0.17,
        "distance": null
      },
      {
        "end_station": 90,
        "agent_mode": "walk",
        "duration": 0.06994444444444445,
        "rent_reward": 0,
        "return_reward": 0,
        "distance": null
      },
      {
        "end_station": 80,
        "agent_mode": "bike",
        "duration": 0.02886111111111111,
        "rent_reward": 0,
        "return_reward": 0.17,
        "distance": null
      },
      {
        "end_station": 90,
        "agent_mode": "walk",
        "duration": 0.06994444444444445,
        "rent_reward": 0,
        "return_reward": 0,
        "distance": null
      },
      {
        "end_station": 80,
        "agent_mode": "bike",
        "duration": 0.02886111111111111,
        "rent_reward": 0,
        "return_reward": 0.34,
        "distance": null
      },
      {
        "end_station": 90,
        "agent_mode": "walk",
        "duration": 0.06994444444444445,
        "rent_reward": 0,
        "return_reward": 0,
        "distance": null
      },
      {
        "end_station": 80,
        "agent_mode": "bike",
        "duration": 0.02886111111111111,
        "rent_reward": 0,
        "return_reward": 0.34,
        "distance": null
      },
      {
        "end_station": 90,
        "agent_mode": "walk",
        "duration": 0.06994444444444445,
        "rent_reward": 0,
        "return_reward": 0,
        "distance": null
      },
      {
        "end_station": 80,
        "agent_mode": "bike",
        "duration": 0.02886111111111111,
        "rent_reward": 0,
        "return_reward": 0.37,
        "distance": null
      },
      {
        "end_station": 37,
        "agent_mode": "walk",
        "duration": 0.05397222222222223,
        "rent_reward": 0,
        "return_reward": 0,
        "distance": null
      },
      {
        "end_station": 80,
        "agent_mode": "bike",
        "duration": 0.0225,
        "rent_reward": 0,
        "return_reward": 0.37,
        "distance": null
      },
      {
        "end_station": 37,
        "agent_mode": "walk",
        "duration": 0.05397222222222223,
        "rent_reward": 0,
        "return_reward": 0,
        "distance": null
      },
      {
        "end_station": 80,
        "agent_mode": "bike",
        "duration": 0.0225,
        "rent_reward": 0,
        "return_reward": 0.37,
        "distance": null
      },
      {
        "end_station": 37,
        "agent_mode": "walk",
        "duration": 0.05397222222222223,
        "rent_reward": 0,
        "return_reward": 0,
        "distance": null
      },
      {
        "end_station": 80,
        "agent_mode": "bike",
        "duration": 0.0225,
        "rent_reward": 0,
        "return_reward": 0.37,
        "distance": null
      },
      {
        "end_station": 90,
        "agent_mode": "walk",
        "duration": 0.06994444444444445,
        "rent_reward": 0,
        "return_reward": 0,
        "distance": null
      },
      {
        "end_station": 80,
        "agent_mode": "bike",
        "duration": 0.02886111111111111,
        "rent_reward": 0,
        "return_reward": 0.37,
        "distance": null
      },
      {
        "end_station": 90,
        "agent_mode": "walk",
        "duration": 0.06994444444444445,
        "rent_reward": 0,
        "return_reward": 0,
        "distance": null
      },
      {
        "end_station": 80,
        "agent_mode": "bike",
        "duration": 0.02886111111111111,
        "rent_reward": 0,
        "return_reward": 0.37,
        "distance": null
      },
      {
        "end_station": 90,
        "agent_mode": "walk",
        "duration": 0.06994444444444445,
        "rent_reward": 0,
        "return_reward": 0,
        "distance": null
      },
      {
        "end_station": 80,
        "agent_mode": "bike",
        "duration": 0.02886111111111111,
        "rent_reward": 0,
        "return_reward": 0.37,
        "distance": null
      },
      {
        "end_station": 90,
        "agent_mode": "walk",
        "duration": 0.06994444444444445,
        "rent_reward": 0,
        "return_reward": 0,
        "distance": null
      },
      {
        "end_station": 80,
        "agent_mode": "bike",
        "duration": 0.02886111111111111,
        "rent_reward": 0,
        "return_reward": 0.37,
        "distance": null
      },
      {
        "end_station": 90,
        "agent_mode": "walk",
        "duration": 0.06994444444444445,
        "rent_reward": 0,
        "return_reward": 0,
        "distance": null
      },
      {
        "end_station": 80,
        "agent_mode": "bike",
        "duration": 0.02886111111111111,
        "rent_reward": 0,
        "return_reward": 0.37,
        "distance": null
      },
      {
        "end_station": 37,
        "agent_mode": "walk",
        "duration": 0.05397222222222223,
        "rent_reward": 0,
        "return_reward": 0,
        "distance": null
      },
      {
        "end_station": 80,
        "agent_mode": "bike",